Year,Country,Origin,HS_Code,Description,Weight_kg,Value_USD
2020,,,210390,,42.208,118.836
2020,,,210390,,2.841,7.999
2020,,,210390,,7.305,20.568
2020,,,210390,,3.247,9.141
2020,,,210390,,13.393,37.708
2020,,,210390,,11.364,31.994
2020,,,210390,,133.524,375.934
2020,,,210390,,13.393,37.708
2020,,,210390,,13.393,37.708
2020,,,210390,,1.218,3.428
2020,,,210390,,5.682,15.997
2020,,,210390,,16.234,45.706
2020,,,210390,,13.393,37.708
2020,,,210390,,3.247,9.141
2020,,,210390,,37.744,106.267
2020,,,210390,,4.464,12.569
2020,,,210390,,11.364,31.994
2020,,,210390,,3.247,9.141
2020,,,210390,,1.218,3.428
2020,,,210390,,2.841,7.999
2020,,,210390,,2.841,7.999
2020,,,210390,,12.581,35.422
2020,,,210390,,5.682,15.997
2020,,,210390,,37.744,106.267
2020,,,210390,,16.234,45.706
2020,,,210390,,12.581,35.422
2020,,,210390,,1.218,3.428
2020,,,210390,,4.464,12.569
2020,,,210390,,0.812,2.285
2020,,,210390,,12.581,35.422
2020,,,210390,,4.464,12.569
2020,,,210390,,42.208,118.836
2020,,,210390,,3.247,9.141
2020,,,210390,,133.524,375.934
2020,,,210390,,0.812,2.285
2020,,,210390,,12.987,36.565
2020,,,210390,,7.305,20.568
2020,,,210390,,42.208,118.836
2020,,,210390,,0.812,2.285
2020,,,210390,,2.841,7.999
2020,,,210390,,736.616,2073.92
2020,,,210390,,7.305,20.568
2020,,,210390,,16.234,45.706
2020,,,210390,,2.841,7.999
2020,,,210390,,12.987,36.565
2020,,,210390,,133.524,375.934
2020,,,210390,,2.841,7.999
2020,,,210390,,11.364,31.994
2020,,,210390,,12.987,36.565
2020,,,210390,,12.581,35.422
2020,,,210390,,133.524,375.934
2020,,,210390,,11.364,31.994
2020,,,210390,,0.812,2.285
2020,,,210390,,2.841,7.999
2020,,,210390,,16.234,45.706
2020,,,210390,,133.524,375.934
2020,,,210390,,1.218,3.428
2020,,,210390,,42.208,118.836
2020,,,210390,,5.682,15.997
2020,,,210390,,736.616,2073.92
2020,,,210390,,736.616,2073.92
2020,,,210390,,2.841,7.999
2020,,,210390,,7.305,20.568
2020,,,210390,,133.524,375.934
2020,,,210390,,12.987,36.565
2020,,,210390,,736.616,2073.92
2020,,,210390,,4.464,12.569
2020,,,210390,,5.682,15.997
2020,,,210390,,0.406,1.143
2020,,,210390,,0.406,1.143
2020,,,210390,,0.406,1.143
2020,,,210390,,0.406,1.143
2020,,,210390,,0.406,1.143
2020,,,210390,,0.406,1.143
2020,,,210390,,0.406,1.143
2020,,,210390,,0.406,1.143
2020,,,210390,,0.406,1.143
2020,,,210390,,0.406,1.143
2020,,,210390,,0.406,1.143
2020,,,210390,,0.406,1.143
2020,,,210390,,0.406,1.143
2020,,,210390,,0.406,1.143
2020,,,210390,,0.406,1.143
2020,,,210390,,0.406,1.143
2020,,,210390,,0.406,1.143
2020,,,210390,,0.406,1.143
2020,,,210390,,0.406,1.143
2020,,,210390,,0.406,1.143
2020,,,210390,,0.406,1.143
2020,,,210390,,0.406,1.143
2020,,,210390,,0.406,1.143
2020,,,210390,,0.406,1.143
2020,,,210390,,0.406,1.143
2020,,,210390,,0.406,1.143
2020,,,210390,,0.406,1.143
2020,,,210390,,0.406,1.143
2020,,,210390,,0.406,1.143
2020,,,210390,,0.406,1.143
2020,,,210390,,0.406,1.143
2020,,,210390,,0.406,1.143
2020,,,210390,,0.406,1.143
2020,,,210390,,0.406,1.143
2020,,,210390,,0.406,1.143
2020,,,210390,,0.406,1.143
2020,,,210390,,0.406,1.143
2020,,,210390,,0.406,1.143
2020,,,210390,,0.406,1.143
2020,,,210390,,0.406,1.143
2020,,,210390,,0.406,1.143
2020,,,210390,,0.406,1.143
2020,,,210390,,0.406,1.143
2020,,,210390,,0.406,1.143
2020,,,210390,,0.406,1.143
2020,,,210390,,0.406,1.143
2020,,,200190,,1109.204,6298.318
2020,,,200190,,9778.084,48614.289
2020,,,200190,,106.379,189.681
2020,,,200190,,407.253,2578.974
2020,,,210390,,42.367,297.09
2020,,,210390,,253.329,5330.489
2020,,,210390,,29.494,203.393
2020,,,210390,,1861.367,19358.874
2020,,,210390,,38945.302,95171.797
2020,,,210390,,4.247,18.282
2020,,,210390,,789.531,7565.524
2020,,,210390,,3580.494,15413.283
2020,,,210390,,53.263,425.068
2020,,,210390,,3.029,18.282
2020,,,210390,,12687.647,40893.364
2020,,,200190,,9778.084,48614.289
2020,,,200190,,407.253,2578.974
2020,,,200190,,1109.204,6298.318
2020,,,200190,,106.379,189.681
2020,,,210390,,42.367,297.09
2020,,,210390,,29.494,203.393
2020,,,210390,,1861.367,19358.874
2020,,,210390,,3.029,18.282
2020,,,210390,,789.531,7565.524
2020,,,210390,,253.329,5330.489
2020,,,210390,,12687.647,40893.364
2020,,,210390,,4.247,18.282
2020,,,210390,,38945.302,95171.797
2020,,,210390,,53.263,425.068
2020,,,210390,,3580.494,15413.283
2020,,,210390,,2696.0,5690.426
2020,,,210390,,2696.0,5690.426
2020,,,210390,,3811036.0,7935772.75
2020,,,210390,,3811036.0,7935772.75
2020,,,210390,,37014570.0,83754160.631
2020,,,210390,,37014570.0,83754160.631
2020,,,210390,,439492.0,2033887.242
2020,,,210390,,22136.0,189474.034
2020,,,210390,,1662205.0,6053943.279
2020,,,210390,,1662205.0,6053943.279
2020,,,210390,,439492.0,2033887.242
2020,,,210390,,22136.0,189474.034
2020,,,200190,,2.923,25.138
2020,,,200190,,17.662,49.134
2020,,,200190,,17.662,49.134
2020,,,200190,,2.923,25.138
2020,,,210390,,34.075,1212.358
2020,,,210390,,34.075,1212.358
2020,,,210390,,20.857,137.119
2020,,,210390,,20.857,137.119
2020,,,200190,,9.127,86.842
2020,,,200190,,9.127,86.842
2020,,,200190,,400.563,860.42
2020,,,200190,,7.049,12.569
2020,,,200190,,5.282,75.415
2020,,,200190,,17.641,18.282
2020,,,200190,,218.535,471.917
2020,,,200190,,29.641,132.548
2020,,,210390,,18.464,175.969
2020,,,210390,,18.117,180.54
2020,,,210390,,4.623,79.986
2020,,,210390,,22.406,356.509
2020,,,210390,,4.406,62.846
2020,,,210390,,73.029,462.776
2020,,,210390,,73.812,1016.964
2020,,,210390,,742.218,2855.497
2020,,,210390,,41.406,381.647
2020,,,210390,,48.828,247.956
2020,,,210390,,48.406,281.093
2020,,,210390,,42.406,525.622
2020,,,210390,,17.435,38.85
2020,,,210390,,5.653,54.847
2020,,,210390,,1.406,10.284
2020,,,210390,,2.406,26.281
2020,,,210390,,6.812,82.271
2020,,,210390,,958.87,6308.602
2020,,,200190,,218.535,471.917
2020,,,200190,,5.282,75.415
2020,,,200190,,17.641,18.282
2020,,,200190,,7.049,12.569
2020,,,200190,,29.641,132.548
2020,,,200190,,400.563,860.42
2020,,,210390,,73.812,1016.964
2020,,,210390,,958.87,6308.602
2020,,,210390,,22.406,356.509
2020,,,210390,,1.406,10.284
2020,,,210390,,42.406,525.622
2020,,,210390,,2.406,26.281
2020,,,210390,,17.435,38.85
2020,,,210390,,4.623,79.986
2020,,,210390,,4.406,62.846
2020,,,210390,,48.828,247.956
2020,,,210390,,73.029,462.776
2020,,,210390,,5.653,54.847
2020,,,210390,,41.406,381.647
2020,,,210390,,18.464,175.969
2020,,,210390,,48.406,281.093
2020,,,210390,,6.812,82.271
2020,,,210390,,742.218,2855.497
2020,,,210390,,18.117,180.54
2020,,,210390,,2696.0,5690.426
2020,,,210390,,441612.0,2045872.558
2020,,,210390,,1762148.0,6722739.69
2020,,,210390,,441612.0,2045872.558
2020,,,210390,,37346075.0,84284967.648
2020,,,210390,,22136.0,189474.034
2020,,,210390,,22136.0,189474.034
2020,,,210390,,3813678.0,7947867.761
2020,,,210390,,3813678.0,7947867.761
2020,,,210390,,37346075.0,84284967.648
2020,,,210390,,1762148.0,6722739.69
2020,,,210390,,2696.0,5690.426
2020,,,200190,,3771.662,17935.125
2020,,,200190,,21588.486,136671.912
2020,,,200190,,7.049,12.569
2020,,,200190,,2916328.662,4578191.952
2020,,,200190,,407.253,2578.974
2020,,,200190,,29.641,132.548
2020,,,200190,,106.379,189.681
2020,,,200190,,17.641,18.282
2020,,,200190,,5.282,75.415
2020,,,200190,,9778.084,48614.289
2020,,,200190,,1109.204,6298.318
2020,,,210390,,53.263,425.068
2020,,,210390,,3435.828,15966.329
2020,,,210390,,139333.435,306843.062
2020,,,210390,,37929.857,1546153.776
2020,,,210390,,38945.302,95171.797
2020,,,210390,,791892.075,2403535.235
2020,,,210390,,6.812,82.271
2020,,,210390,,180508.218,467926.671
2020,,,210390,,2178379.406,7201328.482
2020,,,210390,,6953.029,30102.123
2020,,,210390,,4.247,18.282
2020,,,210390,,7084.406,33095.881
2020,,,210390,,253.329,5330.489
2020,,,210390,,10346.117,41425.842
2020,,,210390,,4902.406,6998.766
2020,,,210390,,29.494,203.393
2020,,,210390,,789.531,7565.524
2020,,,210390,,1864.367,19388.583
2020,,,210390,,35873.464,108084.95
2020,,,210390,,23436.623,54125.318
2020,,,210390,,160171.812,1019307.204
2020,,,210390,,27381.406,29603.925
2020,,,210390,,6982.406,6090.355
2020,,,210390,,57499.406,249886.243
2020,,,210390,,48.406,281.093
2020,,,210390,,7268.87,40821.377
2020,,,210390,,607.653,4817.437
2020,,,210390,,3.029,18.282
2020,,,210390,,14107.406,46042.171
2020,,,210390,,3580.494,15413.283
2020,,,210390,,1.406,10.284
2020,,,210390,,12687.647,40893.364
2020,,,210390,,42.367,297.09
2020,,,200190,,1109.204,6298.318
2020,,,200190,,9778.084,48614.289
2020,,,200190,,106.379,189.681
2020,,,200190,,3771.662,17935.125
2020,,,200190,,29.641,132.548
2020,,,200190,,17.641,18.282
2020,,,200190,,7.049,12.569
2020,,,200190,,3031102.662,4782918.154
2020,,,200190,,5.282,75.415
2020,,,200190,,21588.486,136671.912
2020,,,200190,,407.253,2578.974
2020,,,210390,,7268.87,40821.377
2020,,,210390,,57499.406,249886.243
2020,,,210390,,53.263,425.068
2020,,,210390,,791892.075,2403535.235
2020,,,210390,,23436.623,54125.318
2020,,,210390,,3.029,18.282
2020,,,210390,,4902.406,6998.766
2020,,,210390,,14107.406,46042.171
2020,,,210390,,180508.218,467926.671
2020,,,210390,,2178379.406,7201328.482
2020,,,210390,,607.653,4817.437
2020,,,210390,,4.247,18.282
2020,,,210390,,29.494,203.393
2020,,,210390,,1.406,10.284
2020,,,210390,,7084.406,33095.881
2020,,,210390,,48.406,281.093
2020,,,210390,,12687.647,40893.364
2020,,,210390,,240.406,519.908
2020,,,210390,,27381.406,29603.925
2020,,,210390,,789.531,7565.524
2020,,,210390,,1864.367,19388.583
2020,,,210390,,3580.494,15413.283
2020,,,210390,,37929.857,1546153.776
2020,,,210390,,42.367,297.09
2020,,,210390,,10346.117,41425.842
2020,,,210390,,6953.029,30102.123
2020,,,210390,,35873.464,108084.95
2020,,,210390,,3435.828,15966.329
2020,,,210390,,38945.302,95171.797
2020,,,210390,,139333.435,306843.062
2020,,,210390,,253.329,5330.489
2020,,,210390,,6982.406,6090.355
2020,,,210390,,160171.812,1019307.204
2020,,,210390,,6.812,82.271
2020,,,200190,,0.641,1.143
2020,,,200190,,0.641,1.143
2020,,,200190,,0.641,1.143
2020,,,200190,,0.641,1.143
2020,,,200190,,0.641,1.143
2020,,,200190,,0.641,1.143
2020,,,200190,,0.641,1.143
2020,,,200190,,0.641,1.143
2020,,,210390,,17.812,92.555
2020,,,210390,,7.406,67.417
2020,,,210390,,17.812,92.555
2020,,,210390,,7.406,67.417
2020,,,210390,,808.808,4558.054
2020,,,210390,,7.406,67.417
2020,,,210390,,808.808,4558.054
2020,,,210390,,808.808,4558.054
2020,,,210390,,17.812,92.555
2020,,,210390,,808.808,4558.054
2020,,,210390,,17.812,92.555
2020,,,210390,,7.406,67.417
2020,,,200190,,0.641,1.143
2020,,,200190,,0.641,1.143
2020,,,200190,,0.641,1.143
2020,,,200190,,0.641,1.143
2020,,,210390,,37.335,597.609
2020,,,210390,,565.218,6930.207
2020,,,210390,,565.218,6930.207
2020,,,210390,,565.218,6930.207
2020,,,210390,,37.335,597.609
2020,,,210390,,565.218,6930.207
2020,,,210390,,37.335,597.609
2020,,,210390,,37.335,597.609
2020,,,210390,,17393.744,42619.917
2020,,,210390,,17393.744,42619.917
2020,,,210390,,5402.0,25217.27
2020,,,210390,,5402.0,25217.27
2020,,,200190,,9.127,86.842
2020,,,200190,,9.127,86.842
2020,,,200190,,2997.662,8579.059
2020,,,200190,,2.923,25.138
2020,,,200190,,2.923,25.138
2020,,,200190,,2997.662,8579.059
2020,,,210390,,20.857,137.119
2020,,,210390,,20.857,137.119
2020,,,210390,,34.075,1212.358
2020,,,210390,,15.393,66.274
2020,,,210390,,34.075,1212.358
2020,,,210390,,15.393,66.274
2020,,,200190,,603.253,4846.003
2020,,,200190,,14622.084,64528.056
2020,,,200190,,11229086.379,30384661.852
2020,,,200190,,1109.204,6298.318
2020,,,210390,,337365.329,1082818.296
2020,,,210390,,67216.581,359712.601
2020,,,210390,,2730972.14,8955750.694
2020,,,210390,,2086.799,5056.252
2020,,,210390,,74.364,522.194
2020,,,210390,,930597.581,3156255.139
2020,,,210390,,930513.029,3350529.47
2020,,,210390,,60969.026,485185.343
2020,,,210390,,439901.367,2037196.373
2020,,,210390,,33210113.367,122226335.346
2020,,,210390,,8648.539,166516.937
2020,,,210390,,5013972.208,9393972.886
2020,,,210390,,3821842.531,7995106.293
2020,,,210390,,18841422.406,32294373.266
2020,,,210390,,37185526.263,84469619.674
2020,,,210390,,45222.302,115129.423
2020,,,210390,,369418.494,1094770.475
2020,,,200190,,11229086.379,30384661.852
2020,,,200190,,603.253,4846.003
2020,,,200190,,14622.084,64528.056
2020,,,200190,,1109.204,6298.318
2020,,,210390,,3821842.531,7995106.293
2020,,,210390,,67216.581,359712.601
2020,,,210390,,930597.581,3156255.139
2020,,,210390,,2730972.14,8955750.694
2020,,,210390,,45222.302,115129.423
2020,,,210390,,74.364,522.194
2020,,,210390,,60969.026,485185.343
2020,,,210390,,37185526.263,84469619.674
2020,,,210390,,8648.539,166516.937
2020,,,210390,,337365.329,1082818.296
2020,,,210390,,18841422.406,32294373.266
2020,,,210390,,33210113.367,122226335.346
2020,,,210390,,439901.367,2037196.373
2020,,,210390,,5013972.208,9393972.886
2020,,,210390,,2086.799,5056.252
2020,,,210390,,369418.494,1094770.475
2020,,,210390,,930513.029,3350529.47
2020,,,200190,,767.204,2790.365
2020,,,200190,,244.176,523.336
2020,,,200190,,7.049,12.569
2020,,,200190,,400.563,860.42
2020,,,200190,,25.641,126.835
2020,,,210390,,18.117,180.54
2020,,,210390,,4.406,62.846
2020,,,210390,,4935.841,39086.825
2020,,,210390,,22.406,356.509
2020,,,210390,,17.435,38.85
2020,,,210390,,316.406,16046.315
2020,,,210390,,75.812,1038.674
2020,,,210390,,73.029,462.776
2020,,,210390,,99.828,417.069
2020,,,210390,,41.406,381.647
2020,,,210390,,8059.049,79511.7
2020,,,210390,,42.406,525.622
2020,,,210390,,5.653,54.847
2020,,,210390,,958.87,6308.602
2020,,,210390,,54.623,222.818
2020,,,210390,,742.218,2855.497
2020,,,210390,,2.406,26.281
2020,,,200190,,767.204,2790.365
2020,,,200190,,400.563,860.42
2020,,,200190,,25.641,126.835
2020,,,200190,,244.176,523.336
2020,,,200190,,7.049,12.569
2020,,,210390,,54.623,222.818
2020,,,210390,,958.87,6308.602
2020,,,210390,,18.117,180.54
2020,,,210390,,42.406,525.622
2020,,,210390,,4935.841,39086.825
2020,,,210390,,8059.049,79511.7
2020,,,210390,,2.406,26.281
2020,,,210390,,75.812,1038.674
2020,,,210390,,4.406,62.846
2020,,,210390,,742.218,2855.497
2020,,,210390,,17.435,38.85
2020,,,210390,,5.653,54.847
2020,,,210390,,41.406,381.647
2020,,,210390,,316.406,16046.315
2020,,,210390,,99.828,417.069
2020,,,210390,,73.029,462.776
2020,,,210390,,22.406,356.509
2020,,,200190,,454789.724,917581.134
2020,,,200190,,1405242.662,5320068.053
2020,,,200190,,1109.204,6298.318
2020,,,200190,,22191.739,141517.915
2020,,,200190,,3020359.303,4737109.085
2020,,,200190,,11323956.379,30544218.873
2020,,,200190,,30350921.204,37910815.369
2020,,,200190,,138147.049,106974.289
2020,,,210390,,69206.406,280055.783
2020,,,210390,,145510.302,977343.172
2020,,,210390,,23602.406,106600.64
2020,,,210390,,99.364,1032.961
2020,,,210390,,930760.581,3156997.865
2020,,,210390,,11849643.87,29150518.227
2020,,,210390,,8648.539,166516.937
2020,,,210390,,37517036.263,85000504.392
2020,,,210390,,238648.406,406376.376
2020,,,210390,,287262.581,877200.822
2020,,,210390,,19180047.406,32737534.016
2020,,,210390,,3824497.924,8007239.011
2020,,,210390,,2182123.406,7208892.863
2020,,,210390,,5046303.208,9497313.529
2020,,,210390,,827077.075,2545890.716
2020,,,210390,,29615.406,33341.552
2020,,,210390,,10872.117,46989.432
2020,,,210390,,38426.406,130695.822
2020,,,210390,,284940.218,762481.613
2020,,,210390,,442021.367,2049181.689
2020,,,210390,,400117.799,976848.402
2020,,,210390,,139333.435,306843.062
2020,,,210390,,4199.177,22705.712
2020,,,210390,,7671.87,43700.869
2020,,,210390,,7310.029,34521.916
2020,,,210390,,2937599.14,9853407.339
2020,,,210390,,6839.406,46351.83
2020,,,210390,,2196317.543,7888418.811
2020,,,210390,,28888.623,79485.419
2020,,,210390,,3486.828,16135.442
2020,,,210390,,337365.329,1082818.296
2020,,,210390,,39100.263,1568748.651
2020,,,210390,,7153.406,7281.002
2020,,,210390,,160302.812,1019623.72
2020,,,210390,,33550640.367,123778406.937
2020,,,210390,,2526870.026,10292996.147
2020,,,200190,,138147.049,106974.289
2020,,,200190,,3135133.303,4941835.288
2020,,,200190,,30394985.204,37970577.407
2020,,,200190,,11323956.379,30544218.873
2020,,,200190,,1109.204,6298.318
2020,,,200190,,22191.739,141517.915
2020,,,200190,,454789.724,917581.134
