Item Code,CPC Code,Item
809,'01929.07,Abaca; manila hemp; raw
800,'01929.06,Agave fibres; raw; n.e.c.
2051,'F2051,Agriculture
221,'01371,Almonds; in shell
711,'01654,Anise; badian; coriander; cumin; caraway; fennel and juniper berries; raw
515,'01341,Apples
526,'01343,Apricots
226,'01379.01,Areca nuts
366,'01216,Artichokes
367,'01211,Asparagus
572,'01311,Avocados
839,'03211,Balata; gutta-percha; guayule; chicle and similar natural gums in primary forms or in plates; sheets or strip
203,'01708,Bambara beans; dry
486,'01312,Bananas
44,'0115,Barley
176,'01701,Beans; dry
1183,'02960.01,Beeswax
552,'01355.01,Blueberries
216,'01377,Brazil nuts; in shell
181,'01702,Broad beans and horse beans; dry
420,'01243,Broad beans and horse beans; green
89,'01192,Buckwheat
358,'01212,Cabbages
101,'01195,Canary seed
568,'01229,Cantaloupes and other melons
426,'01251,Carrots and turnips
217,'01372,Cashew nuts; in shell
591,'01359.02,Cashewapple
125,'01520.01,Cassava; fresh
265,'01447,Castor oil seeds
393,'01213,Cauliflowers and broccoli
108,'01199.90,Cereals n.e.c.
1717,'F1717,Cereals; primary
531,'01344.02,Cherries
220,'01373,Chestnuts; in shell
191,'01703,Chick peas; dry
459,'01691,Chicory roots
689,'01652,Chillies and peppers; dry (Capsicum spp.; Pimenta spp.); raw
401,'01231,Chillies and peppers; green (Capsicum spp. and Pimenta spp.)
693,'01655,Cinnamon and cinnamon-tree flowers; raw
698,'01656,Cloves (whole stems); raw
661,'01640,Cocoa beans
249,'01460,Coconuts; in shell
656,'01610,Coffee; green
195,'01706,Cow peas; dry
554,'01355.02,Cranberries
2041,'F2041,Crops
397,'01232,Cucumbers and gherkins
550,'01351.01,Currants
577,'01314,Dates
149,'01599.10,Edible roots and tubers with high starch or inulin content; n.e.c.; fresh
399,'01233,Eggplants (aubergines)
1091,'0232,Eggs from other birds in shell; fresh; n.e.c.
1753,'F1753,Fibre Crops Primary
569,'01315,Figs
773,'26190.01,Flax; processed but not spun
94,'01193,Fonio
2054,'F2054,Food
1163,'21170.02,Game meat; fresh; chilled or frozen
720,'01657,Ginger; raw
549,'01351.02,Gooseberries
560,'01330,Grapes
446,'01290.01,Green corn (maize)
406,'01252,Green garlic
242,'0142,Groundnuts; excluding shelled
225,'01374,Hazelnuts; in shell
336,'01449.02,Hempseed
1062,'0231,Hen eggs in shell; fresh
677,'01659,Hop cones
1120,'21118.01i,Horse meat; fresh or chilled (indigenous)
277,'01499.03,Jojoba seeds
780,'01922.01,Jute; raw or retted
310,'01499.05,Kapok fruit
263,'01499.01,Karite nuts (sheanuts)
782,'01922.02,Kenaf; and other textile bast fibres; raw or retted
592,'01352,Kiwi fruit
224,'01379.02,Kola nuts
407,'01254,Leeks and other alliaceous vegetables
497,'01322,Lemons and limes
201,'01704,Lentils; dry
372,'01214,Lettuce and chicory
333,'01441,Linseed
2044,'F2044,Livestock
461,'01356,Locust beans (carobs)
210,'01709.02,Lupins
56,'0112,Maize (corn)
571,'01316,Mangoes; guavas and mangosteens
671,'01630,Maté leaves
1770,'F1770,Meat indigenous; total
1122,'21118.02i,Meat of asses; fresh or chilled (indigenous)
972,'21112i,Meat of buffalo; fresh or chilled (indigenous)
1137,'21117.01i,Meat of camels; fresh or chilled (indigenous)
944,'21111.01i,Meat of cattle with the bone; fresh or chilled (indigenous)
1094,'21121i,Meat of chickens; fresh or chilled (indigenous)
1070,'21122i,Meat of ducks; fresh or chilled (indigenous)
1077,'21123i,Meat of geese; fresh or chilled (indigenous)
1032,'21116i,Meat of goat; fresh or chilled (indigenous)
1124,'21118.03i,Meat of mules; fresh or chilled (indigenous)
1161,'21117.02i,Meat of other domestic camelids; fresh or chilled (indigenous)
1154,'21119.01i,Meat of other domestic rodents; fresh or chilled (indigenous)
1055,'21113.01i,Meat of pig with the bone; fresh or chilled (indigenous)
1084,'21170.01i,Meat of pigeons and other birds n.e.c.; fresh; chilled or frozen (indigenous)
1144,'21114i,Meat of rabbits and hares; fresh or chilled (indigenous)
1012,'21115i,Meat of sheep; fresh or chilled (indigenous)
1087,'21124i,Meat of turkeys; fresh or chilled (indigenous)
299,'01449.01,Melonseed
1780,'F1780,Milk; Total
79,'0118,Millet
103,'01199.02,Mixed grain
449,'01270,Mushrooms and truffles
292,'01442,Mustard seed
1182,'02910,Natural honey
836,'01950.01,Natural rubber in primary forms
2057,'F2057,Non Food
702,'01653,Nutmeg; mace; cardamoms; raw
75,'0117,Oats
254,'01491.01,Oil palm fruit
1730,'F1730,Oilcrops Primary
430,'01239.01,Okra
260,'01450,Olives
403,'01253.02,Onions and shallots; dry (excluding dehydrated)
402,'01253.01,Onions and shallots; green
490,'01323,Oranges
414,'01241.90,Other beans; green
558,'01355.90,Other berries and fruits of the genus vaccinium n.e.c.
512,'01329,Other citrus fruit; n.e.c.
821,'01929.90,Other fibre crops; raw; n.e.c.
619,'01359.90,Other fruits; n.e.c.
1166,'21119.90,Other meat of mammals; fresh or chilled
234,'01379.90,Other nuts (excluding wild edible nuts and groundnuts); in shell; n.e.c.
339,'01449.90,Other oil seeds; n.e.c.
542,'01349.10,Other pome fruits
211,'01709.90,Other pulses n.e.c.
723,'01699,Other stimulant; spice and aromatic crops; n.e.c.
541,'01349.20,Other stone fruits
161,'01809,Other sugar crops n.e.c.
603,'01319,Other tropical fruits; n.e.c.
463,'01290.90,Other vegetables; fresh n.e.c.
600,'01317,Papayas
534,'01345,Peaches and nectarines
521,'01342.01,Pears
187,'01705,Peas; dry
417,'01242,Peas; green
687,'01651,Pepper (Piper spp.); raw
748,'01930.01,Peppermint; spearmint
587,'01359.01,Persimmons
197,'01707,Pigeon peas; dry
574,'01318,Pineapples
223,'01375,Pistachios; in shell
489,'01313,Plantains and cooking bananas
536,'01346,Plums and sloes
507,'01321,Pomelos and grapefruits
296,'01448,Poppy seed
116,'01510,Potatoes
394,'01235,Pumpkins; squash and gourds
754,'01930.02,Pyrethrum; dried flowers
523,'01342.02,Quinces
92,'01194,Quinoa
788,'01929.04,Ramie; raw or retted
270,'01443,Rape or colza seed
547,'01353.01,Raspberries
951,'02212,Raw milk of buffalo
1130,'02293,Raw milk of camel
882,'02211,Raw milk of cattle
1020,'02292,Raw milk of goats
982,'02291,Raw milk of sheep
27,'0113,Rice
1720,'F1720,Roots and Tubers; Total
71,'0116,Rye
280,'01446,Safflower seed
328,'01921.01,Seed cotton; unginned
289,'01444,Sesame seed
987,'02941,Shorn wool; greasy; including fleece-washed shorn wool
1185,'02944,Silk-worm cocoons suitable for reeling
789,'01929.05,Sisal; raw
1176,'02920,Snails; fresh; chilled; frozen; dried; salted or in brine; except sea snails
83,'0114,Sorghum
530,'01344.01,Sour cherries
236,'0141,Soya beans
373,'01215,Spinach
544,'01354,Strawberries
423,'01241.01,String beans
157,'01801,Sugar beet
156,'01802,Sugar cane
1723,'F1723,Sugar Crops Primary
267,'01445,Sunflower seed
122,'01530,Sweet potatoes
305,'01499.04,Tallowtree seeds
495,'01324,Tangerines; mandarins; clementines
136,'01550,Taro
667,'01620,Tea leaves
388,'01234,Tomatoes
97,'01191,Triticale
777,'01929.02,True hemp; raw or retted
275,'01499.02,Tung nuts
826,'01970,Unmanufactured tobacco
692,'01658,Vanilla; raw
1739,'F1739,Vegetables and Fruit Primary
205,'01709.01,Vetches
222,'01376,Walnuts; in shell
567,'01221,Watermelons
15,'0111,Wheat
137,'01540,Yams
135,'01591,Yautia
